{
  "name": "dom-generator",
  "displayName": "DOM Generator",
  "description": "Auto-generate DOM captures for Selenium test failures with Maven/Gradle support",
  "version": "2.0.0",
  "publisher": "wellsfargo",
  "engines": {
    "vscode": "^1.85.0"
  },
  "categories": ["Testing", "Other"],
  "keywords": ["selenium", "testng", "dom", "testing", "automation", "maven", "gradle"],
  "icon": "resources/icons/dom-generator.png",
  "activationEvents": [
    "workspaceContains:**/pom.xml",
    "workspaceContains:**/build.gradle",
    "workspaceContains:**/build.gradle.kts",
    "workspaceContains:**/test.xml",
    "workspaceContains:**/testng.xml",
    "onCommand:domGenerator.setup"
  ],
  "main": "./out/extension.js",
  "contributes": {
    "commands": [
      {
        "command": "domGenerator.setup",
        "title": "DOM Generator: Setup Project",
        "icon": "$(tools)"
      },
      {
        "command": "domGenerator.detectBuildSystem",
        "title": "DOM Generator: Detect Build System"
      },
      {
        "command": "domGenerator.runTests",
        "title": "DOM Generator: Run Tests",
        "icon": "$(play)"
      },
      {
        "command": "domGenerator.validateSetup",
        "title": "DOM Generator: Validate Setup"
      },
      {
        "command": "domGenerator.exportCI",
        "title": "DOM Generator: Export CI/CD Configuration"
      },
      {
        "command": "domGenerator.openCaptureFolder",
        "title": "DOM Generator: Open Capture Folder",
        "icon": "$(folder-opened)"
      },
      {
        "command": "domGenerator.showLatestCapture",
        "title": "DOM Generator: Show Latest Capture",
        "icon": "$(eye)"
      },
      {
        "command": "domGenerator.searchCaptures",
        "title": "DOM Generator: Search Captures",
        "icon": "$(search)"
      },
      {
        "command": "domGenerator.showDashboard",
        "title": "DOM Generator: Show Dashboard",
        "icon": "$(dashboard)"
      },
      {
        "command": "domGenerator.selectDriverStrategy",
        "title": "DOM Generator: Select WebDriver Strategy"
      },
      {
        "command": "domGenerator.cleanBuild",
        "title": "DOM Generator: Clean Build"
      },
      {
        "command": "domGenerator.runCoverage",
        "title": "DOM Generator: Run Test Coverage"
      }
    ],
    "configuration": {
      "title": "DOM Generator",
      "properties": {
        "domGenerator.capturePath": {
          "type": "string",
          "default": "test-results/dom-captures",
          "description": "Path where DOM captures will be stored"
        },
        "domGenerator.autoSetup": {
          "type": "boolean",
          "default": true,
          "description": "Automatically setup DOM Generator when project opens"
        },
        "domGenerator.javaPackage": {
          "type": "string",
          "default": "com.wellsfargo.automation.appid",
          "description": "Base Java package for listener files"
        },
        "domGenerator.autoDetectBuildSystem": {
          "type": "boolean",
          "default": true,
          "description": "Automatically detect Maven/Gradle build system"
        },
        "domGenerator.autoAddDependencies": {
          "type": "boolean",
          "default": true,
          "description": "Automatically add missing dependencies"
        },
        "domGenerator.autoRunTestsOnSave": {
          "type": "boolean",
          "default": false,
          "description": "Run tests automatically when test files are saved"
        },
        "domGenerator.defaultDriverStrategy": {
          "type": "string",
          "default": "REFLECTION_FIELD",
          "enum": ["REFLECTION_FIELD", "TEST_CONTEXT", "THREAD_LOCAL", "GETTER_METHOD", "SUITE_ATTRIBUTE", "CUSTOM_PROVIDER"],
          "description": "Default WebDriver access strategy"
        },
        "domGenerator.showNotifications": {
          "type": "boolean",
          "default": true,
          "description": "Show notification popups"
        }
      }
    },
    "chatParticipants": [
      {
        "id": "domgenerate",
        "name": "DOM Generator",
        "description": "Access DOM captures from test failures",
        "isSticky": true
      }
    ],
    "views": {
      "explorer": [
        {
          "id": "domCaptureExplorer",
          "name": "DOM Captures",
          "icon": "$(testing)",
          "contextualTitle": "DOM Generator Captures"
        }
      ]
    },
    "menus": {
      "view/title": [
        {
          "command": "domGenerator.showLatestCapture",
          "when": "view == domCaptureExplorer",
          "group": "navigation@1"
        },
        {
          "command": "domGenerator.searchCaptures",
          "when": "view == domCaptureExplorer",
          "group": "navigation@2"
        },
        {
          "command": "domGenerator.showDashboard",
          "when": "view == domCaptureExplorer",
          "group": "navigation@3"
        }
      ],
      "commandPalette": [
        {
          "command": "domGenerator.runTests",
          "when": "workspaceHasProvider"
        }
      ]
    }
  },
  "scripts": {
    "vscode:prepublish": "npm run compile",
    "compile": "tsc -p ./",
    "watch": "tsc -watch -p ./",
    "pretest": "npm run compile",
    "test": "node ./out/test/runTest.js",
    "lint": "eslint src --ext ts",
    "package": "vsce package"
  },
  "devDependencies": {
    "@types/vscode": "^1.85.0",
    "@types/node": "20.x",
    "@types/xml2js": "^0.4.14",
    "@types/glob": "^8.1.0",
    "@typescript-eslint/eslint-plugin": "^6.19.0",
    "@typescript-eslint/parser": "^6.19.0",
    "eslint": "^8.56.0",
    "typescript": "^5.3.0",
    "vsce": "^2.15.0"
  },
  "dependencies": {
    "xml2js": "^0.6.2",
    "glob": "^10.3.10"
  }
}